Series Name,Series Code,Country Name,Country Code,GDP2016,GDP2017,GDP2018,GDP2019,GDP2020,,Population2016,Population2017,Population2018,Population2019,Population2020
GDP per capita (current US$),NY.GDP.PCAP.CD,Afghanistan,AFG,509,520,494,507,509,,35383028,36296111,37171922,38041757,38928341
GDP per capita (current US$),NY.GDP.PCAP.CD,Albania,ALB,4124,4531,5284,5356,5215,,2876101,2873457,2866376,2854191,2837743
GDP per capita (current US$),NY.GDP.PCAP.CD,Algeria,DZA,3946,4110,4154,3976,3310,,40551398,41389174,42228415,43053054,43851043
GDP per capita (current US$),NY.GDP.PCAP.CD,American Samoa,ASM,12038,11004,11558,11535,0,,55739,55617,55461,55312,55197
GDP per capita (current US$),NY.GDP.PCAP.CD,Andorra,AND,37476,38965,41792,40897,0,,77295,76997,77008,77146,77265
GDP per capita (current US$),NY.GDP.PCAP.CD,Angola,AGO,3506,4096,3290,2810,1896,,28842482,29816769,30809787,31825299,32866268
GDP per capita (current US$),NY.GDP.PCAP.CD,Antigua and Barbuda,ATG,15199,15384,16673,17113,14450,,94520,95425,96282,97115,97928
GDP per capita (current US$),NY.GDP.PCAP.CD,Argentina,ARG,12790,14613,11633,9912,8442,,43590368,44044811,44494502,44938712,45376763
GDP per capita (current US$),NY.GDP.PCAP.CD,Armenia,ARM,3592,3915,4221,4623,4267,,2936147,2944789,2951741,2957728,2963234
GDP per capita (current US$),NY.GDP.PCAP.CD,Aruba,ABW,28452,29351,30253,0,0,,104865,105361,105846,106310,106766
GDP per capita (current US$),NY.GDP.PCAP.CD,Australia,AUS,49971,54028,57355,55057,51812,,24190907,24601860,24982688,25365745,25687041
GDP per capita (current US$),NY.GDP.PCAP.CD,Austria,AUT,45277,47309,51453,50122,48105,,8736668,8797566,8840521,8879920,8917205
GDP per capita (current US$),NY.GDP.PCAP.CD,Azerbaijan,AZE,3881,4147,4740,4806,4214,,9757812,9854033,9939771,10024283,10110116
GDP per capita (current US$),NY.GDP.PCAP.CD,"Bahamas, The",BHS,31563,32720,33768,34863,28608,,377923,381749,385635,389486,393248
GDP per capita (current US$),NY.GDP.PCAP.CD,Bahrain,BHR,22608,23743,23991,23443,0,,1425793,1494077,1569440,1641164,1701583
GDP per capita (current US$),NY.GDP.PCAP.CD,Bangladesh,BGD,1402,1564,1698,1856,1969,,157977151,159685421,161376713,163046173,164689383
GDP per capita (current US$),NY.GDP.PCAP.CD,Barbados,BRB,16900,17392,17745,18148,15191,,285798,286229,286640,287021,287371
GDP per capita (current US$),NY.GDP.PCAP.CD,Belarus,BLR,5023,5762,6330,6839,6411,,9501534,9498264,9483499,9417849,9398861
GDP per capita (current US$),NY.GDP.PCAP.CD,Belgium,BEL,41984,44089,47555,46414,44594,,11331422,11375158,11427054,11488980,11555997
GDP per capita (current US$),NY.GDP.PCAP.CD,Belize,BLZ,4857,4946,5001,5079,4436,,368399,375775,383071,390351,397621
GDP per capita (current US$),NY.GDP.PCAP.CD,Benin,BEN,1087,1137,1241,1220,1291,,10872072,11175192,11485035,11801151,12123198
GDP per capita (current US$),NY.GDP.PCAP.CD,Bermuda,BMU,106886,111821,113023,117098,0,,64554,63873,63919,63913,63903
GDP per capita (current US$),NY.GDP.PCAP.CD,Bhutan,BTN,2931,3287,3243,3316,3122,,736706,745563,754396,763094,771612
GDP per capita (current US$),NY.GDP.PCAP.CD,Bolivia,BOL,3077,3351,3549,3552,3143,,11031822,11192853,11353140,11513102,11673029
GDP per capita (current US$),NY.GDP.PCAP.CD,Bosnia and Herz.,BIH,4995,5395,6072,6120,6032,,3386263,3351534,3323929,3300998,3280815
GDP per capita (current US$),NY.GDP.PCAP.CD,Botswana,BWA,7244,7893,8280,7971,6711,,2159925,2205076,2254067,2303703,2351625
GDP per capita (current US$),NY.GDP.PCAP.CD,Brazil,BRA,8710,9929,9151,8897,6797,,206163056,207833825,209469320,211049519,212559409
GDP per capita (current US$),NY.GDP.PCAP.CD,British Virgin Islands,VGB,0,0,0,0,0,,29355,29567,29795,30033,30237
GDP per capita (current US$),NY.GDP.PCAP.CD,Brunei Darussalam,BRN,27158,28572,31628,31086,27466,,419791,424481,428960,433296,437483
GDP per capita (current US$),NY.GDP.PCAP.CD,Bulgaria,BGR,7549,8334,9428,9828,9976,,7127822,7075947,7025037,6975761,6927288
GDP per capita (current US$),NY.GDP.PCAP.CD,Burkina Faso,BFA,688,735,813,787,831,,18646350,19193236,19751466,20321383,20903278
GDP per capita (current US$),NY.GDP.PCAP.CD,Burundi,BDI,282,293,272,261,274,,10488002,10827010,11175379,11530577,11890781
GDP per capita (current US$),NY.GDP.PCAP.CD,Cabo Verde,CPV,3131,3293,3617,3604,3064,,531140,537499,543764,549936,555988
GDP per capita (current US$),NY.GDP.PCAP.CD,Cambodia,KHM,1270,1385,1512,1643,1513,,15766290,16009413,16249795,16486542,16718971
GDP per capita (current US$),NY.GDP.PCAP.CD,Cameroon,CMR,1364,1425,1534,1507,1499,,23926549,24566070,25216261,25876387,26545864
GDP per capita (current US$),NY.GDP.PCAP.CD,Canada,CAN,42316,45129,46455,46327,43242,,36109487,36545295,37065178,37593384,38005238
GDP per capita (current US$),NY.GDP.PCAP.CD,Cayman Islands,CYM,78472,81513,86060,91393,0,,62564,63382,64172,64948,65720
GDP per capita (current US$),NY.GDP.PCAP.CD,Central African Rep.,CAF,402,451,476,468,477,,4537683,4596023,4666375,4745179,4829764
GDP per capita (current US$),NY.GDP.PCAP.CD,Chad,TCD,693,666,726,710,614,,14561658,15016761,15477727,15946882,16425859
GDP per capita (current US$),NY.GDP.PCAP.CD,Channel Islands,CHI,0,0,0,0,0,,166922,168666,170496,172264,173859
GDP per capita (current US$),NY.GDP.PCAP.CD,Chile,CHL,13754,14999,15888,14742,13232,,18209072,18470435,18729166,18952035,19116209
GDP per capita (current US$),NY.GDP.PCAP.CD,China,CHN,8148,8879,9977,10217,10500,,1378665000,1386395000,1392730000,1397715000,1402112000
GDP per capita (current US$),NY.GDP.PCAP.CD,Colombia,COL,5871,6377,6730,6425,5333,,48175048,48909844,49661056,50339443,50882884
GDP per capita (current US$),NY.GDP.PCAP.CD,Comoros,COM,1273,1324,1416,1370,1403,,795597,813890,832322,850891,869595
GDP per capita (current US$),NY.GDP.PCAP.CD,Dem. Rep. Congo,COD,471,467,557,581,557,,78789130,81398765,84068092,86790568,89561404
GDP per capita (current US$),NY.GDP.PCAP.CD,Congo,COG,2039,2174,2601,2359,1973,,4980996,5110701,5244363,5380504,5518092
GDP per capita (current US$),NY.GDP.PCAP.CD,Costa Rica,CRI,12011,12226,12469,12670,12077,,4899336,4949955,4999443,5047561,5094114
GDP per capita (current US$),NY.GDP.PCAP.CD,Côte d'Ivoire,CIV,2013,2111,2314,2276,2326,,23822726,24437475,25069226,25716554,26378275
GDP per capita (current US$),NY.GDP.PCAP.CD,Croatia,HRV,12361,13452,15014,14944,13828,,4174349,4124531,4087843,4065253,4047200
GDP per capita (current US$),NY.GDP.PCAP.CD,Cuba,CUB,8061,8541,8824,9100,0,,11335108,11339255,11338146,11333484,11326616
GDP per capita (current US$),NY.GDP.PCAP.CD,Curacao,CUW,19555,19458,19631,19701,0,,159664,160175,159336,157441,155014
GDP per capita (current US$),NY.GDP.PCAP.CD,Cyprus,CYP,24606,26444,29089,28288,26624,,1170189,1179685,1189262,1198574,1207361
GDP per capita (current US$),NY.GDP.PCAP.CD,Czechia,CZE,18575,20636,23420,23490,22762,,10566332,10594438,10629928,10671870,10698896
GDP per capita (current US$),NY.GDP.PCAP.CD,Denmark,DNK,54664,57610,61599,60213,60909,,5728010,5764980,5793636,5814422,5831404
GDP per capita (current US$),NY.GDP.PCAP.CD,Djibouti,DJI,2802,2914,3142,3415,3426,,929117,944100,958923,973557,988002
GDP per capita (current US$),NY.GDP.PCAP.CD,Dominica,DMA,8081,7275,7694,8002,6527,,71307,71460,71626,71808,71991
GDP per capita (current US$),NY.GDP.PCAP.CD,Dominican Rep.,DOM,7281,7609,8051,8282,7268,,10397738,10513111,10627147,10738957,10847904
GDP per capita (current US$),NY.GDP.PCAP.CD,Ecuador,ECU,6060,6214,6296,6223,5600,,16491116,16785356,17084359,17373657,17643060
GDP per capita (current US$),NY.GDP.PCAP.CD,Egypt,EGY,3520,2444,2537,3019,3548,,94447071,96442590,98423602,100388076,102334403
GDP per capita (current US$),NY.GDP.PCAP.CD,El Salvador,SLV,3806,3910,4053,4168,3799,,6356137,6388124,6420740,6453550,6486201
GDP per capita (current US$),NY.GDP.PCAP.CD,Equatorial Guinea,GNQ,9250,9668,10006,8420,7143,,1215181,1262008,1308966,1355982,1402985
GDP per capita (current US$),NY.GDP.PCAP.CD,Eritrea,ERI,0,0,0,0,0,,0,0,0,0,0
GDP per capita (current US$),NY.GDP.PCAP.CD,Estonia,EST,18437,20408,23159,23718,23312,,1315790,1317384,1321977,1326898,1331057
GDP per capita (current US$),NY.GDP.PCAP.CD,eSwatini,ETH,717,769,772,856,936,,103603461,106399926,109224410,112078727,114963583
GDP per capita (current US$),NY.GDP.PCAP.CD,Ethiopia,FRO,56854,59993,62918,64225,0,,48173,48326,48497,48677,48865
GDP per capita (current US$),NY.GDP.PCAP.CD,Faroe Islands,FJI,5651,6101,6317,6176,4882,,872406,877460,883490,889955,896444
GDP per capita (current US$),NY.GDP.PCAP.CD,Fiji,FIN,43784,46297,50013,48712,49041,,5495303,5508214,5515525,5521606,5530719
GDP per capita (current US$),NY.GDP.PCAP.CD,Finland,FRA,37037,38685,41526,40380,38625,,66724104,66918020,67101930,67248926,67391582
GDP per capita (current US$),NY.GDP.PCAP.CD,France,PYF,0,0,0,0,0,,274576,276108,277673,279285,280904
GDP per capita (current US$),NY.GDP.PCAP.CD,French Polynesia,GAB,6984,7230,7957,7767,7006,,2007882,2064812,2119275,2172578,2225728
GDP per capita (current US$),NY.GDP.PCAP.CD,Gabon,GMB,691,680,733,778,787,,2149134,2213900,2280092,2347696,2416664
GDP per capita (current US$),NY.GDP.PCAP.CD,"Gambia, The",GEO,4062,4357,4723,4698,4279,,3727505,3728004,3726549,3720161,3714000
GDP per capita (current US$),NY.GDP.PCAP.CD,Georgia,DEU,42108,44443,47787,46468,45724,,82348669,82657002,82905782,83092962,83240525
GDP per capita (current US$),NY.GDP.PCAP.CD,Germany,GHA,1913,2021,2194,2210,2329,,28481947,29121464,29767108,30417858,31072945
GDP per capita (current US$),NY.GDP.PCAP.CD,Ghana,GIB,0,0,0,0,0,,33738,33723,33715,33706,33691
GDP per capita (current US$),NY.GDP.PCAP.CD,Gibraltar,GRC,17885,18562,19766,19151,17676,,10775971,10754679,10732882,10721582,10715549
GDP per capita (current US$),NY.GDP.PCAP.CD,Greece,GRL,48182,50321,54471,0,0,,56186,56172,56023,56225,56367
GDP per capita (current US$),NY.GDP.PCAP.CD,Greenland,GRD,9628,10153,10486,10816,9680,,110263,110874,111449,112002,112519
GDP per capita (current US$),NY.GDP.PCAP.CD,Grenada,GUM,36214,36602,36502,37724,0,,162948,164281,165770,167295,168783
GDP per capita (current US$),NY.GDP.PCAP.CD,Guam,GTM,4173,4454,4478,4639,4603,,15827690,16087418,16346950,16604026,16858333
GDP per capita (current US$),NY.GDP.PCAP.CD,Guatemala,GIN,732,856,955,1058,1194,,11738434,12067516,12414292,12771246,13132792
GDP per capita (current US$),NY.GDP.PCAP.CD,Guinea,GNB,661,739,803,749,728,,1782434,1828146,1874304,1920917,1967998
GDP per capita (current US$),NY.GDP.PCAP.CD,Guinea-Bissau,GUY,5811,6125,6146,6610,6956,,771363,775218,779007,782775,786559
GDP per capita (current US$),NY.GDP.PCAP.CD,Guyana,HTI,1266,1294,1435,1272,1177,,10839976,10982367,11123183,11263079,11402533
GDP per capita (current US$),NY.GDP.PCAP.CD,Haiti,HND,2343,2454,2510,2574,2406,,9270794,9429016,9587523,9746115,9904608
GDP per capita (current US$),NY.GDP.PCAP.CD,Honduras,HKG,43731,46166,48543,48354,46324,,7336600,7391700,7451000,7507400,7481800
GDP per capita (current US$),NY.GDP.PCAP.CD,"Hong Kong SAR, China",HUN,13091,14606,16411,16733,15899,,9814023,9787966,9775564,9771141,9749763
GDP per capita (current US$),NY.GDP.PCAP.CD,Hungary,ISL,61988,72010,74348,68883,59261,,335439,343400,352721,360563,366425
GDP per capita (current US$),NY.GDP.PCAP.CD,Iceland,IND,1733,1981,1997,2101,1901,,1324517250,1338676779,1352642283,1366417756,1380004385
GDP per capita (current US$),NY.GDP.PCAP.CD,India,IDN,3563,3838,3894,4135,3870,,261556386,264650969,267670549,270625567,273523621
GDP per capita (current US$),NY.GDP.PCAP.CD,Indonesia,IRN,5253,5520,3598,3115,2283,,79563991,80673888,81800204,82913893,83992953
GDP per capita (current US$),NY.GDP.PCAP.CD,Iran,IRQ,4551,5077,5523,5658,4157,,36610632,37552789,38433604,39309789,40222503
GDP per capita (current US$),NY.GDP.PCAP.CD,Iraq,IRL,62994,70413,79298,80779,83813,,4755335,4807388,4867316,4934340,4994724
GDP per capita (current US$),NY.GDP.PCAP.CD,Ireland,IMN,82197,83478,89113,0,0,,83296,83610,84073,84589,85032
GDP per capita (current US$),NY.GDP.PCAP.CD,Isle of Man,ISR,37283,40475,41705,43589,43611,,8546000,8713300,8882800,9054000,9216900
GDP per capita (current US$),NY.GDP.PCAP.CD,Israel,ITA,30940,32327,34609,33567,31676,,60627498,60536709,60421760,59729081,59554023
GDP per capita (current US$),NY.GDP.PCAP.CD,Italy,JAM,4844,5070,5360,5369,4665,,2906242,2920848,2934853,2948277,2961161
GDP per capita (current US$),NY.GDP.PCAP.CD,Jamaica,JPN,38762,38387,39159,40113,0,,126994511,126785797,126529100,126264931,125836021
GDP per capita (current US$),NY.GDP.PCAP.CD,Japan,JOR,4175,4232,4308,4405,4283,,9554286,9785840,9965322,10101697,10203140
GDP per capita (current US$),NY.GDP.PCAP.CD,Jordan,KAZ,7715,9248,9813,9813,9056,,17794055,18037776,18276452,18513673,18754440
GDP per capita (current US$),NY.GDP.PCAP.CD,Kazakhstan,KEN,1411,1572,1708,1817,1838,,49051531,50221146,51392570,52573967,53771300
GDP per capita (current US$),NY.GDP.PCAP.CD,Kenya,KIR,1585,1641,1698,1655,1671,,112529,114153,115842,117608,119446
GDP per capita (current US$),NY.GDP.PCAP.CD,Kiribati,PRK,0,0,0,0,0,,25307665,25429816,25549606,25666158,25778815
GDP per capita (current US$),NY.GDP.PCAP.CD,North Korea,KOR,29289,31617,33423,31846,31489,,51217803,51361911,51606633,51709098,51780579
GDP per capita (current US$),NY.GDP.PCAP.CD,South Korea,XKX,3780,4046,4420,4446,4287,,1777557,1791003,1797085,1788878,1775378
GDP per capita (current US$),NY.GDP.PCAP.CD,Kosovo,KWT,27653,29759,33399,32373,0,,3956862,4056102,4137314,4207077,4270563
GDP per capita (current US$),NY.GDP.PCAP.CD,Kuwait,KGZ,1121,1243,1308,1374,1174,,6079500,6198200,6322800,6456200,6591600
GDP per capita (current US$),NY.GDP.PCAP.CD,Kyrgyzstan ,LAO,2309,2424,2542,2545,2630,,6845848,6953031,7061498,7169456,7275556
GDP per capita (current US$),NY.GDP.PCAP.CD,Lao PDR,LVA,14316,15643,17850,17794,17620,,1959537,1942248,1927174,1913822,1901548
GDP per capita (current US$),NY.GDP.PCAP.CD,Latvia,LBN,7626,7793,8013,7584,4891,,6714281,6819373,6859408,6855709,6825442
GDP per capita (current US$),NY.GDP.PCAP.CD,Lebanon,LSO,1019,1103,1192,1113,861,,2075041,2091532,2108327,2125267,2142252
GDP per capita (current US$),NY.GDP.PCAP.CD,Lesotho,LBR,715,699,677,622,583,,4586788,4702224,4818976,4937374,5057677
GDP per capita (current US$),NY.GDP.PCAP.CD,Liberia,LBY,4035,5757,7877,7686,3699,,6492160,6580723,6678565,6777453,6871287
GDP per capita (current US$),NY.GDP.PCAP.CD,Libya,LIE,165642,171254,180367,0,0,,37655,37805,37918,38020,38137
GDP per capita (current US$),NY.GDP.PCAP.CD,Liechtenstein,LTU,14998,16844,19167,19555,19998,,2868231,2828403,2801543,2794137,2794700
GDP per capita (current US$),NY.GDP.PCAP.CD,Lithuania,LUX,104278,107361,116597,114685,115874,,582014,596336,607950,620001,632275
GDP per capita (current US$),NY.GDP.PCAP.CD,Luxembourg,MAC,73569,81045,87555,86118,0,,612824,622578,631633,640446,649342
GDP per capita (current US$),NY.GDP.PCAP.CD,"Macao SAR, China",MKD,5133,5432,6087,6022,5888,,2080746,2081996,2082957,2083458,2083380
GDP per capita (current US$),NY.GDP.PCAP.CD,Madagascar,MDG,476,515,518,526,495,,24894370,25570511,26262313,26969306,27691019
GDP per capita (current US$),NY.GDP.PCAP.CD,Malawi,MWI,316,497,535,583,625,,17205253,17670193,18143215,18628749,19129955
GDP per capita (current US$),NY.GDP.PCAP.CD,Malaysia,MYS,9818,10259,11378,11414,10402,,30684652,31104655,31528033,31949789,32365998
GDP per capita (current US$),NY.GDP.PCAP.CD,Maldives,MDV,9209,9578,10277,10626,7456,,475505,496398,515704,530957,540542
GDP per capita (current US$),NY.GDP.PCAP.CD,Mali,MLI,781,830,895,879,859,,17965448,18512429,19077755,19658023,20250834
GDP per capita (current US$),NY.GDP.PCAP.CD,Malta,MLT,25741,28251,30672,30186,27885,,455356,467999,484630,504062,525285
GDP per capita (current US$),NY.GDP.PCAP.CD,Marshall Islands,MHL,3491,3673,3794,4073,0,,57723,58053,58412,58791,59194
GDP per capita (current US$),NY.GDP.PCAP.CD,Mauritania,MRT,1537,1578,1601,1679,1673,,4163532,4282582,4403312,4525698,4649660
GDP per capita (current US$),NY.GDP.PCAP.CD,Mauritius,MUS,9682,10485,11208,11098,8623,,1263473,1264613,1265303,1265711,1265740
GDP per capita (current US$),NY.GDP.PCAP.CD,Mexico,MEX,8745,9288,9687,9946,8347,,123333379,124777326,126190782,127575529,128932753
GDP per capita (current US$),NY.GDP.PCAP.CD,"Micronesia, Fed. Sts.",FSM,3015,3290,3568,3585,0,,110215,111461,112640,113811,115021
GDP per capita (current US$),NY.GDP.PCAP.CD,Moldova,MDA,2880,3510,4230,4494,4551,,2802170,2755158,2708214,2663251,2617820
GDP per capita (current US$),NY.GDP.PCAP.CD,Monaco,MCO,170029,167517,185979,190513,0,,38070,38392,38682,38967,39244
GDP per capita (current US$),NY.GDP.PCAP.CD,Mongolia,MNG,3660,3669,4135,4340,4007,,3056358,3113788,3170214,3225166,3278292
GDP per capita (current US$),NY.GDP.PCAP.CD,Montenegro,MNE,7034,7803,8850,8911,7686,,622303,622373,622227,622028,621718
GDP per capita (current US$),NY.GDP.PCAP.CD,Morocco,MAR,2897,3035,3227,3230,3009,,35126274,35581257,36029089,36471766,36910558
GDP per capita (current US$),NY.GDP.PCAP.CD,Mozambique,MOZ,429,461,503,504,449,,27829930,28649007,29496009,30366043,31255435
GDP per capita (current US$),NY.GDP.PCAP.CD,Myanmar,MMR,1158,1258,1279,1477,1400,,53045199,53382521,53708318,54045422,54409794
GDP per capita (current US$),NY.GDP.PCAP.CD,Namibia,NAM,4547,5367,5588,5037,4211,,2358044,2402623,2448300,2494524,2540916
GDP per capita (current US$),NY.GDP.PCAP.CD,Nauru,NRU,9556,10361,11615,10983,0,,10474,10577,10678,10764,10834
GDP per capita (current US$),NY.GDP.PCAP.CD,Nepal,NPL,900,1048,1179,1195,1155,,27263430,27632682,28095712,28608715,29136808
GDP per capita (current US$),NY.GDP.PCAP.CD,Netherlands,NLD,46008,48555,53019,52295,52304,,17030314,17131296,17231624,17344874,17441139
GDP per capita (current US$),NY.GDP.PCAP.CD,New Caledonia,NCL,0,0,0,0,0,,269350,270000,270650,271300,271960
GDP per capita (current US$),NY.GDP.PCAP.CD,New Zealand,NZL,40080,42993,43306,41999,41792,,4714100,4813600,4900600,4979300,5084300
GDP per capita (current US$),NY.GDP.PCAP.CD,Nicaragua,NIC,2108,2159,2015,1927,1905,,6303970,6384843,6465502,6545503,6624554
GDP per capita (current US$),NY.GDP.PCAP.CD,Niger,NER,498,518,572,554,565,,20788789,21602388,22442831,23310719,24206636
GDP per capita (current US$),NY.GDP.PCAP.CD,Nigeria,NGA,2176,1969,2028,2230,2097,,185960244,190873247,195874685,200963603,206139587
GDP per capita (current US$),NY.GDP.PCAP.CD,North Macedonia,MNP,21891,27585,22887,20660,0,,56187,56553,56889,57213,57557
GDP per capita (current US$),NY.GDP.PCAP.CD,Northern Mariana Islands,NOR,70461,75497,82268,75826,67294,,5234519,5276968,5311916,5347896,5379475
GDP per capita (current US$),NY.GDP.PCAP.CD,Norway,OMN,14610,15128,16521,15343,0,,4479217,4665926,4829476,4974992,5106622
GDP per capita (current US$),NY.GDP.PCAP.CD,Oman,PAK,1368,1465,1482,1285,1194,,203631356,207906210,212228288,216565317,220892331
GDP per capita (current US$),NY.GDP.PCAP.CD,Pakistan,PLW,16653,16065,15657,14908,0,,17718,17809,17911,18001,18092
GDP per capita (current US$),NY.GDP.PCAP.CD,Palau,PAN,14344,15146,15545,15728,12269,,4037073,4106764,4176868,4246440,4314768
GDP per capita (current US$),NY.GDP.PCAP.CD,Panama,PNG,2510,2695,2801,2829,2637,,8271766,8438038,8606324,8776119,8947027
GDP per capita (current US$),NY.GDP.PCAP.CD,Papua New Guinea,PRY,5325,5679,5783,5381,4950,,6777878,6867058,6956069,7044639,7132530
GDP per capita (current US$),NY.GDP.PCAP.CD,Paraguay,PER,6205,6711,6958,7028,6127,,30926036,31444299,31989265,32510462,32971846
GDP per capita (current US$),NY.GDP.PCAP.CD,Peru,PHL,3074,3123,3252,3485,3299,,103663812,105172921,106651394,108116622,109581085
GDP per capita (current US$),NY.GDP.PCAP.CD,Philippines,POL,12447,13865,15468,15695,15656,,37970087,37974826,37974750,37965475,37950802
GDP per capita (current US$),NY.GDP.PCAP.CD,Poland,PRT,19978,21437,23551,23285,22440,,10325452,10300300,10283822,10286263,10305564
GDP per capita (current US$),NY.GDP.PCAP.CD,Portugal,PRI,30627,31109,31605,32851,32291,,3406672,3325286,3193354,3193694,3194034
GDP per capita (current US$),NY.GDP.PCAP.CD,Puerto Rico,QAT,57163,59125,65908,62088,50805,,2654379,2724727,2781682,2832071,2881060
GDP per capita (current US$),NY.GDP.PCAP.CD,Qatar,ROU,9549,10807,12399,12890,12896,,19702267,19588715,19473970,19371648,19286123
GDP per capita (current US$),NY.GDP.PCAP.CD,Romania,RUS,8705,10720,11287,11498,10127,,144342397,144496739,144477859,144406261,144104080
GDP per capita (current US$),NY.GDP.PCAP.CD,Russia,RWA,745,772,784,820,798,,11668829,11980960,12301969,12626938,12952209
GDP per capita (current US$),NY.GDP.PCAP.CD,Rwanda,WSM,4109,4260,4189,4324,4067,,194540,195358,196128,197093,198410
GDP per capita (current US$),NY.GDP.PCAP.CD,Samoa,SMR,43828,45399,48997,47731,0,,33503,33671,33784,33864,33938
GDP per capita (current US$),NY.GDP.PCAP.CD,San Marino,STP,1700,1814,1954,1988,2158,,203221,207086,211032,215048,219161
GDP per capita (current US$),NY.GDP.PCAP.CD,Sao Tome and Principe,SAU,19879,20802,23337,23140,20110,,32443443,33101183,33702757,34268529,34813867
GDP per capita (current US$),NY.GDP.PCAP.CD,Saudi Arabia,SEN,1270,1362,1458,1430,1488,,14993514,15419354,15854324,16296362,16743930
GDP per capita (current US$),NY.GDP.PCAP.CD,Senegal,SRB,5765,6293,7252,7412,7666,,7058322,7020858,6982604,6945235,6908224
GDP per capita (current US$),NY.GDP.PCAP.CD,Serbia,SYC,15069,15906,16391,16199,11425,,94677,95843,96762,97625,98462
GDP per capita (current US$),NY.GDP.PCAP.CD,Seychelles,SLE,501,499,534,528,485,,7328846,7488427,7650149,7813207,7976985
GDP per capita (current US$),NY.GDP.PCAP.CD,Sierra Leone,SGP,56848,61176,66679,65641,59798,,5607283,5612253,5638676,5703569,5685807
GDP per capita (current US$),NY.GDP.PCAP.CD,Singapore,SXM,31617,29369,29160,0,0,,39969,40574,40654,40733,40812
GDP per capita (current US$),NY.GDP.PCAP.CD,Sint Maarten (Dutch part),SVK,16509,17504,19365,19273,19157,,5430798,5439232,5446771,5454147,5458827
GDP per capita (current US$),NY.GDP.PCAP.CD,Slovak Republic,SVN,21664,23455,26103,25941,25180,,2065042,2066388,2073894,2088385,2100126
GDP per capita (current US$),NY.GDP.PCAP.CD,Slovenia,SLB,2225,2333,2412,2344,2258,,619438,636030,652856,669821,686878
GDP per capita (current US$),NY.GDP.PCAP.CD,Solomon Islands,SOM,296,309,315,320,309,,14185635,14589165,15008225,15442906,15893219
GDP per capita (current US$),NY.GDP.PCAP.CD,Somalia,ZAF,5273,6131,6373,6001,5091,,56207649,57009751,57792520,58558267,59308690
GDP per capita (current US$),NY.GDP.PCAP.CD,South Africa,SSD,0,0,0,0,0,,10832520,10910774,10975924,11062114,11193729
GDP per capita (current US$),NY.GDP.PCAP.CD,S. Sudan,ESP,26505,28101,30375,29565,27057,,46484062,46593236,46797754,47133521,47351567
GDP per capita (current US$),NY.GDP.PCAP.CD,Spain,LKA,3886,4077,4059,3852,3682,,21203000,21444000,21670000,21803000,21919000
GDP per capita (current US$),NY.GDP.PCAP.CD,Sri Lanka,KNA,18811,19159,19277,19773,17436,,51629,52036,52438,52834,53192
GDP per capita (current US$),NY.GDP.PCAP.CD,St. Kitts and Nevis,LCA,10362,11047,11358,11611,9276,,180028,180955,181890,182795,183629
GDP per capita (current US$),NY.GDP.PCAP.CD,St. Lucia,MAF,0,0,0,0,0,,36061,36569,37264,38002,38659
GDP per capita (current US$),NY.GDP.PCAP.CD,St. Martin (French part),VCT,7075,7213,7361,7457,7298,,109467,109826,110210,110593,110947
GDP per capita (current US$),NY.GDP.PCAP.CD,St. Vincent and the Grenadines,SDN,1325,1103,826,753,595,,39847433,40813398,41801532,42813237,43849269
GDP per capita (current US$),NY.GDP.PCAP.CD,Sudan,SUR,5873,6296,6938,7261,6491,,564883,570501,575987,581363,586634
GDP per capita (current US$),NY.GDP.PCAP.CD,Suriname,SWZ,3426,3914,4106,3895,3415,,1113994,1124808,1136274,1148133,1160164
GDP per capita (current US$),NY.GDP.PCAP.CD,Sweden,SWE,51965,53792,54589,51687,51926,,9923085,10057698,10175214,10278887,10353442
GDP per capita (current US$),NY.GDP.PCAP.CD,Switzerland,CHE,83073,83352,86430,85300,86602,,8373338,8451840,8514329,8575280,8636896
GDP per capita (current US$),NY.GDP.PCAP.CD,Syria,SYR,0,0,0,0,0,,17465567,17095669,16945062,17070132,17500657
GDP per capita (current US$),NY.GDP.PCAP.CD,Tajikistan,TJK,807,849,853,891,859,,8663575,8880270,9100847,9321023,9537642
GDP per capita (current US$),NY.GDP.PCAP.CD,Tanzania,TZA,967,1005,1043,1086,1076,,53049231,54660345,56313444,58005461,59734213
GDP per capita (current US$),NY.GDP.PCAP.CD,Thailand,THA,5993,6594,7297,7817,7189,,68971313,69209817,69428454,69625581,69799978
GDP per capita (current US$),NY.GDP.PCAP.CD,Timor-Leste,TLS,1354,1286,1230,1561,1381,,1219289,1243260,1267975,1293120,1318442
GDP per capita (current US$),NY.GDP.PCAP.CD,Togo,TGO,803,831,902,893,915,,7509952,7698476,7889095,8082359,8278737
GDP per capita (current US$),NY.GDP.PCAP.CD,Tonga,TON,4158,4513,4741,4903,0,,101143,102002,103199,104497,105697
GDP per capita (current US$),NY.GDP.PCAP.CD,Trinidad and Tobago,TTO,16251,16174,17038,16637,15384,,1377563,1384060,1389841,1394969,1399491
GDP per capita (current US$),NY.GDP.PCAP.CD,Tunisia,TUN,3698,3481,3439,3352,3320,,11303942,11433438,11565203,11694721,11818618
GDP per capita (current US$),NY.GDP.PCAP.CD,Turkey,TUR,10895,10590,9453,9127,8538,,79827868,81116451,82340090,83429607,84339067
GDP per capita (current US$),NY.GDP.PCAP.CD,Turkmenistan,TKM,6388,6587,6967,7612,0,,5662371,5757667,5850902,5942094,6031187
GDP per capita (current US$),NY.GDP.PCAP.CD,Turks and Caicos Islands,TCA,28241,27545,29553,31351,23880,,36558,37116,37667,38194,38718
GDP per capita (current US$),NY.GDP.PCAP.CD,Tuvalu,TUV,3254,3574,3702,4056,4143,,11232,11365,11505,11655,11792
GDP per capita (current US$),NY.GDP.PCAP.CD,Uganda,UGA,733,747,770,794,817,,39649173,41166588,42729032,44269587,45741000
GDP per capita (current US$),NY.GDP.PCAP.CD,Ukraine,UKR,2188,2641,3097,3663,3727,,45004673,44831135,44622518,44386203,44134693
GDP per capita (current US$),NY.GDP.PCAP.CD,United Arab Emirates,ARE,38142,40645,43839,43103,0,,9360975,9487206,9630966,9770526,9890400
GDP per capita (current US$),NY.GDP.PCAP.CD,United Kingdom,GBR,41048,40305,42993,42354,40285,,65611593,66058859,66460344,66836327,67215293
GDP per capita (current US$),NY.GDP.PCAP.CD,United States of America,USA,58021,60110,63064,65280,63544,,323071755,325122128,326838199,328329953,329484123
GDP per capita (current US$),NY.GDP.PCAP.CD,Uruguay,URY,16716,18691,18704,17688,15438,,3424139,3436645,3449290,3461731,3473727
GDP per capita (current US$),NY.GDP.PCAP.CD,Uzbekistan,UZB,2568,1827,1529,1719,1686,,31847900,32388600,32956100,33580350,34232050
GDP per capita (current US$),NY.GDP.PCAP.CD,Vanuatu,VUT,2806,3082,3125,3102,2783,,278326,285499,292675,299882,307150
GDP per capita (current US$),NY.GDP.PCAP.CD,Venezuela,VEN,0,0,0,0,0,,29851249,29402480,28887117,28515829,28435943
GDP per capita (current US$),NY.GDP.PCAP.CD,Vietnam,VNM,2192,2366,2566,2715,2786,,93640435,94600643,95545959,96462108,97338583
GDP per capita (current US$),NY.GDP.PCAP.CD,Virgin Islands (U.S.),VIR,36023,36288,37233,0,0,,107516,107281,107001,106669,106290
GDP per capita (current US$),NY.GDP.PCAP.CD,West Bank and Gaza,PSE,3528,3620,3562,3657,3240,,4367088,4454805,4569087,4685306,4803269
GDP per capita (current US$),NY.GDP.PCAP.CD,Yemen,YEM,1139,961,824,0,0,,27168210,27834811,28498683,29161922,29825968
GDP per capita (current US$),NY.GDP.PCAP.CD,Zambia,ZMB,1281,1535,1516,1305,1051,,16363449,16853608,17351714,17861034,18383956
GDP per capita (current US$),NY.GDP.PCAP.CD,Zimbabwe,ZWE,1465,1336,1352,1156,1128,,14030338,14236599,14438812,14645473,14862927
,,,,,,,,,,,,,,
,,,,,,,,,,,,,,
,,,,,,,,,,,,,,
Data from database: World Development Indicators,,,,,,,,,,,,,,
Last Updated: 09/15/2021,,,,,,,,,,,,,,